<?xml version="1.0" encoding="UTF-8"?>
<!DOCTYPE mapper PUBLIC "-//mybatis.org//DTD Mapper 3.0//EN" 
	"http://mybatis.org/dtd/mybatis-3-mapper.dtd">
<mapper namespace="com.ssafy.cafe.model.dao.CommentDao">

	<insert id="insert" parameterType="Comment">
		INSERT INTO t_comment
		(user_id,product_id,rating,comment)
		VALUES(#{userId},#{productId},#{rating},#{comment})
	</insert>
	

	<select id="selectByProduct" parameterType="Integer" resultType="CommentInfo">
			select c.* ,u.name from t_comment c
			join t_user u
			on u.id=c.user_id
			where product_id=#{productId};
	</select>

	<update id="update" parameterType="Comment">
		UPDATE t_comment
		SET rating = #{rating}, comment = #{comment}
		WHERE id = #{id} AND user_id = #{userId};
	</update>
	
	<delete id="delete" parameterType="Integer">
		
		delete from t_comment where id=#{id};
	</delete>


</mapper>