<?xml version="1.0" encoding="UTF-8" ?>
<!DOCTYPE mapper PUBLIC "-//mybatis.org//DTD Mapper 3.0//EN" 
	"http://mybatis.org/dtd/mybatis-3-mapper.dtd">

<mapper namespace="com.ssafy.cafe.model.dao.UserDao">
	<select id ="selectByUser" parameterType="User" resultType="User">
		select * from t_user where id=#{id} and pass=#{pass}
	</select>
	

	<!--  
	<select id ="selectById" parameterType="User" resultType="User">
		select * from t_user where id=#{id}
	</select> -->

	<insert id="insert" parameterType="User">
		INSERT INTO t_user
		(id,name,pass,role)
		VALUES(#{id}, #{name}, #{pass},#{role})
	</insert>
	
	<select id="selectById" parameterType="String">
		SELECT *
		FROM t_user
		WHERE id = #{id}
		
	</select>



	<update id="updateStamp" parameterType="User">
		update t_user
		set stamps=#{stamps}
		where id=#{id}
	</update>

</mapper>